text,label
The exam timer did not start correctly on my screen.,exam issue
The exam timer did not start correctly on my screen.,exam issue
My microphone test keeps failing before exam start.,exam issue
The exam timer did not start correctly on my screen.,exam issue
The exam froze when uploading my ID document.,exam issue
I was disconnected during the online proctored session.,exam issue
I was disconnected during the online proctored session.,exam issue
My microphone test keeps failing before exam start.,exam issue
The question navigation lagged severely during my test.,exam issue
The question navigation lagged severely during my test.,exam issue
The exam timer did not start correctly on my screen.,exam issue
The exam timer did not start correctly on my screen.,exam issue
The exam timer did not start correctly on my screen.,exam issue
My microphone test keeps failing before exam start.,exam issue
The question navigation lagged severely during my test.,exam issue
My microphone test keeps failing before exam start.,exam issue
My microphone test keeps failing before exam start.,exam issue
The exam timer did not start correctly on my screen.,exam issue
The exam froze when uploading my ID document.,exam issue
The exam timer did not start correctly on my screen.,exam issue
My microphone test keeps failing before exam start.,exam issue
The question navigation lagged severely during my test.,exam issue
The exam timer did not start correctly on my screen.,exam issue
The exam froze when uploading my ID document.,exam issue
The question navigation lagged severely during my test.,exam issue
I was disconnected during the online proctored session.,exam issue
I was disconnected during the online proctored session.,exam issue
The exam timer did not start correctly on my screen.,exam issue
The exam froze when uploading my ID document.,exam issue
I was disconnected during the online proctored session.,exam issue
The exam froze when uploading my ID document.,exam issue
The exam timer did not start correctly on my screen.,exam issue
The exam timer did not start correctly on my screen.,exam issue
My microphone test keeps failing before exam start.,exam issue
I was disconnected during the online proctored session.,exam issue
The question navigation lagged severely during my test.,exam issue
The question navigation lagged severely during my test.,exam issue
The exam timer did not start correctly on my screen.,exam issue
The question navigation lagged severely during my test.,exam issue
The question navigation lagged severely during my test.,exam issue
The exam froze when uploading my ID document.,exam issue
The exam froze when uploading my ID document.,exam issue
I was disconnected during the online proctored session.,exam issue
The question navigation lagged severely during my test.,exam issue
My microphone test keeps failing before exam start.,exam issue
I was disconnected during the online proctored session.,exam issue
My microphone test keeps failing before exam start.,exam issue
I was disconnected during the online proctored session.,exam issue
The exam timer did not start correctly on my screen.,exam issue
My microphone test keeps failing before exam start.,exam issue
My microphone test keeps failing before exam start.,exam issue
The exam froze when uploading my ID document.,exam issue
The exam froze when uploading my ID document.,exam issue
The exam timer did not start correctly on my screen.,exam issue
The exam timer did not start correctly on my screen.,exam issue
I was disconnected during the online proctored session.,exam issue
My microphone test keeps failing before exam start.,exam issue
I was disconnected during the online proctored session.,exam issue
The exam froze when uploading my ID document.,exam issue
My microphone test keeps failing before exam start.,exam issue
The exam timer did not start correctly on my screen.,exam issue
I was disconnected during the online proctored session.,exam issue
The question navigation lagged severely during my test.,exam issue
I was disconnected during the online proctored session.,exam issue
I was disconnected during the online proctored session.,exam issue
I was disconnected during the online proctored session.,exam issue
My microphone test keeps failing before exam start.,exam issue
The exam froze when uploading my ID document.,exam issue
The question navigation lagged severely during my test.,exam issue
The exam froze when uploading my ID document.,exam issue
The exam froze when uploading my ID document.,exam issue
The question navigation lagged severely during my test.,exam issue
The exam froze when uploading my ID document.,exam issue
My microphone test keeps failing before exam start.,exam issue
I was disconnected during the online proctored session.,exam issue
The exam timer did not start correctly on my screen.,exam issue
The exam froze when uploading my ID document.,exam issue
The exam froze when uploading my ID document.,exam issue
The exam froze when uploading my ID document.,exam issue
I was disconnected during the online proctored session.,exam issue
The exam timer did not start correctly on my screen.,exam issue
I was disconnected during the online proctored session.,exam issue
The question navigation lagged severely during my test.,exam issue
I was disconnected during the online proctored session.,exam issue
The exam timer did not start correctly on my screen.,exam issue
The exam timer did not start correctly on my screen.,exam issue
The exam froze when uploading my ID document.,exam issue
The exam timer did not start correctly on my screen.,exam issue
The exam timer did not start correctly on my screen.,exam issue
I was disconnected during the online proctored session.,exam issue
My microphone test keeps failing before exam start.,exam issue
The exam timer did not start correctly on my screen.,exam issue
The exam froze when uploading my ID document.,exam issue
I was disconnected during the online proctored session.,exam issue
My microphone test keeps failing before exam start.,exam issue
I was disconnected during the online proctored session.,exam issue
The question navigation lagged severely during my test.,exam issue
My microphone test keeps failing before exam start.,exam issue
The question navigation lagged severely during my test.,exam issue
The exam froze when uploading my ID document.,exam issue
The question navigation lagged severely during my test.,exam issue
I was disconnected during the online proctored session.,exam issue
The question navigation lagged severely during my test.,exam issue
The exam froze when uploading my ID document.,exam issue
The question navigation lagged severely during my test.,exam issue
My microphone test keeps failing before exam start.,exam issue
The question navigation lagged severely during my test.,exam issue
The question navigation lagged severely during my test.,exam issue
I was disconnected during the online proctored session.,exam issue
The exam froze when uploading my ID document.,exam issue
My microphone test keeps failing before exam start.,exam issue
The question navigation lagged severely during my test.,exam issue
The exam timer did not start correctly on my screen.,exam issue
My microphone test keeps failing before exam start.,exam issue
The exam timer did not start correctly on my screen.,exam issue
The exam froze when uploading my ID document.,exam issue
The exam timer did not start correctly on my screen.,exam issue
The exam timer did not start correctly on my screen.,exam issue
The exam froze when uploading my ID document.,exam issue
The question navigation lagged severely during my test.,exam issue
My microphone test keeps failing before exam start.,exam issue
My microphone test keeps failing before exam start.,exam issue
The exam timer did not start correctly on my screen.,exam issue
I was disconnected during the online proctored session.,exam issue
I was disconnected during the online proctored session.,exam issue
The exam froze when uploading my ID document.,exam issue
The question navigation lagged severely during my test.,exam issue
The exam timer did not start correctly on my screen.,exam issue
The exam froze when uploading my ID document.,exam issue
I was disconnected during the online proctored session.,exam issue
The exam timer did not start correctly on my screen.,exam issue
The exam froze when uploading my ID document.,exam issue
The exam froze when uploading my ID document.,exam issue
The question navigation lagged severely during my test.,exam issue
My microphone test keeps failing before exam start.,exam issue
The exam froze when uploading my ID document.,exam issue
The exam froze when uploading my ID document.,exam issue
The exam timer did not start correctly on my screen.,exam issue
The question navigation lagged severely during my test.,exam issue
I was disconnected during the online proctored session.,exam issue
I was disconnected during the online proctored session.,exam issue
The question navigation lagged severely during my test.,exam issue
My microphone test keeps failing before exam start.,exam issue
I was disconnected during the online proctored session.,exam issue
I was disconnected during the online proctored session.,exam issue
The question navigation lagged severely during my test.,exam issue
The exam timer did not start correctly on my screen.,exam issue
The exam froze when uploading my ID document.,exam issue
My microphone test keeps failing before exam start.,exam issue
The exam froze when uploading my ID document.,exam issue
The question navigation lagged severely during my test.,exam issue
My microphone test keeps failing before exam start.,exam issue
The exam froze when uploading my ID document.,exam issue
The exam timer did not start correctly on my screen.,exam issue
The exam froze when uploading my ID document.,exam issue
I was disconnected during the online proctored session.,exam issue
The exam froze when uploading my ID document.,exam issue
My microphone test keeps failing before exam start.,exam issue
The exam froze when uploading my ID document.,exam issue
My microphone test keeps failing before exam start.,exam issue
I was disconnected during the online proctored session.,exam issue
The question navigation lagged severely during my test.,exam issue
I was disconnected during the online proctored session.,exam issue
The question navigation lagged severely during my test.,exam issue
The exam froze when uploading my ID document.,exam issue
My microphone test keeps failing before exam start.,exam issue
My microphone test keeps failing before exam start.,exam issue
The exam timer did not start correctly on my screen.,exam issue
I was disconnected during the online proctored session.,exam issue
My microphone test keeps failing before exam start.,exam issue
My microphone test keeps failing before exam start.,exam issue
The exam timer did not start correctly on my screen.,exam issue
I was disconnected during the online proctored session.,exam issue
The exam timer did not start correctly on my screen.,exam issue
I was disconnected during the online proctored session.,exam issue
The question navigation lagged severely during my test.,exam issue
The exam froze when uploading my ID document.,exam issue
The exam timer did not start correctly on my screen.,exam issue
The exam froze when uploading my ID document.,exam issue
The exam froze when uploading my ID document.,exam issue
The question navigation lagged severely during my test.,exam issue
My microphone test keeps failing before exam start.,exam issue
The question navigation lagged severely during my test.,exam issue
I was disconnected during the online proctored session.,exam issue
The exam froze when uploading my ID document.,exam issue
My microphone test keeps failing before exam start.,exam issue
My microphone test keeps failing before exam start.,exam issue
The exam timer did not start correctly on my screen.,exam issue
The question navigation lagged severely during my test.,exam issue
I was disconnected during the online proctored session.,exam issue
The exam timer did not start correctly on my screen.,exam issue
The exam froze when uploading my ID document.,exam issue
The exam froze when uploading my ID document.,exam issue
The exam timer did not start correctly on my screen.,exam issue
The question navigation lagged severely during my test.,exam issue
My microphone test keeps failing before exam start.,exam issue
I was disconnected during the online proctored session.,exam issue
The exam froze when uploading my ID document.,exam issue
I was disconnected during the online proctored session.,exam issue
I was disconnected during the online proctored session.,exam issue
The question navigation lagged severely during my test.,exam issue
The question navigation lagged severely during my test.,exam issue
The exam froze when uploading my ID document.,exam issue
The exam froze when uploading my ID document.,exam issue
My microphone test keeps failing before exam start.,exam issue
The question navigation lagged severely during my test.,exam issue
The question navigation lagged severely during my test.,exam issue
The exam froze when uploading my ID document.,exam issue
The exam timer did not start correctly on my screen.,exam issue
The question navigation lagged severely during my test.,exam issue
The question navigation lagged severely during my test.,exam issue
I was disconnected during the online proctored session.,exam issue
The exam froze when uploading my ID document.,exam issue
My microphone test keeps failing before exam start.,exam issue
The exam froze when uploading my ID document.,exam issue
The question navigation lagged severely during my test.,exam issue
I was disconnected during the online proctored session.,exam issue
The exam froze when uploading my ID document.,exam issue
The question navigation lagged severely during my test.,exam issue
The exam froze when uploading my ID document.,exam issue
The question navigation lagged severely during my test.,exam issue
The question navigation lagged severely during my test.,exam issue
My microphone test keeps failing before exam start.,exam issue
I was disconnected during the online proctored session.,exam issue
The exam froze when uploading my ID document.,exam issue
The exam froze when uploading my ID document.,exam issue
My microphone test keeps failing before exam start.,exam issue
The exam froze when uploading my ID document.,exam issue
The exam timer did not start correctly on my screen.,exam issue
My microphone test keeps failing before exam start.,exam issue
The exam timer did not start correctly on my screen.,exam issue
The exam timer did not start correctly on my screen.,exam issue
The exam timer did not start correctly on my screen.,exam issue
I was disconnected during the online proctored session.,exam issue
The exam froze when uploading my ID document.,exam issue
The exam froze when uploading my ID document.,exam issue
The question navigation lagged severely during my test.,exam issue
The exam timer did not start correctly on my screen.,exam issue
The exam froze when uploading my ID document.,exam issue
The exam timer did not start correctly on my screen.,exam issue
The exam timer did not start correctly on my screen.,exam issue
The exam froze when uploading my ID document.,exam issue
My microphone test keeps failing before exam start.,exam issue
I was disconnected during the online proctored session.,exam issue
The exam froze when uploading my ID document.,exam issue
The exam froze when uploading my ID document.,exam issue
The exam timer did not start correctly on my screen.,exam issue
The exam timer did not start correctly on my screen.,exam issue
The exam timer did not start correctly on my screen.,exam issue
The exam froze when uploading my ID document.,exam issue
The exam timer did not start correctly on my screen.,exam issue
The exam froze when uploading my ID document.,exam issue
The exam timer did not start correctly on my screen.,exam issue
The exam froze when uploading my ID document.,exam issue
I was disconnected during the online proctored session.,exam issue
The question navigation lagged severely during my test.,exam issue
The question navigation lagged severely during my test.,exam issue
The exam froze when uploading my ID document.,exam issue
I was disconnected during the online proctored session.,exam issue
The question navigation lagged severely during my test.,exam issue
The exam froze when uploading my ID document.,exam issue
The question navigation lagged severely during my test.,exam issue
The exam timer did not start correctly on my screen.,exam issue
The question navigation lagged severely during my test.,exam issue
The question navigation lagged severely during my test.,exam issue
My microphone test keeps failing before exam start.,exam issue
My microphone test keeps failing before exam start.,exam issue
My microphone test keeps failing before exam start.,exam issue
I was disconnected during the online proctored session.,exam issue
The exam timer did not start correctly on my screen.,exam issue
The question navigation lagged severely during my test.,exam issue
My microphone test keeps failing before exam start.,exam issue
The exam froze when uploading my ID document.,exam issue
The question navigation lagged severely during my test.,exam issue
My microphone test keeps failing before exam start.,exam issue
The exam froze when uploading my ID document.,exam issue
The exam timer did not start correctly on my screen.,exam issue
The question navigation lagged severely during my test.,exam issue
The question navigation lagged severely during my test.,exam issue
The question navigation lagged severely during my test.,exam issue
The results portal shows an invalid candidate message.,results
I believe there is an error in the marking of my exam.,results
The PDF download for my result is corrupted.,results
I believe there is an error in the marking of my exam.,results
The PDF download for my result is corrupted.,results
My score report shows missing sections.,results
I believe there is an error in the marking of my exam.,results
The PDF download for my result is corrupted.,results
The PDF download for my result is corrupted.,results
When will my detailed exam results be released?,results
My score report shows missing sections.,results
When will my detailed exam results be released?,results
When will my detailed exam results be released?,results
My score report shows missing sections.,results
My score report shows missing sections.,results
When will my detailed exam results be released?,results
When will my detailed exam results be released?,results
The PDF download for my result is corrupted.,results
The PDF download for my result is corrupted.,results
The results portal shows an invalid candidate message.,results
When will my detailed exam results be released?,results
The results portal shows an invalid candidate message.,results
I believe there is an error in the marking of my exam.,results
When will my detailed exam results be released?,results
The PDF download for my result is corrupted.,results
The PDF download for my result is corrupted.,results
I believe there is an error in the marking of my exam.,results
The results portal shows an invalid candidate message.,results
When will my detailed exam results be released?,results
I believe there is an error in the marking of my exam.,results
The results portal shows an invalid candidate message.,results
The results portal shows an invalid candidate message.,results
The PDF download for my result is corrupted.,results
The results portal shows an invalid candidate message.,results
My score report shows missing sections.,results
I believe there is an error in the marking of my exam.,results
The PDF download for my result is corrupted.,results
The results portal shows an invalid candidate message.,results
I believe there is an error in the marking of my exam.,results
The results portal shows an invalid candidate message.,results
My score report shows missing sections.,results
My score report shows missing sections.,results
The PDF download for my result is corrupted.,results
I believe there is an error in the marking of my exam.,results
I believe there is an error in the marking of my exam.,results
The PDF download for my result is corrupted.,results
My score report shows missing sections.,results
When will my detailed exam results be released?,results
When will my detailed exam results be released?,results
My score report shows missing sections.,results
When will my detailed exam results be released?,results
I believe there is an error in the marking of my exam.,results
I believe there is an error in the marking of my exam.,results
When will my detailed exam results be released?,results
When will my detailed exam results be released?,results
When will my detailed exam results be released?,results
I believe there is an error in the marking of my exam.,results
The PDF download for my result is corrupted.,results
My score report shows missing sections.,results
When will my detailed exam results be released?,results
My score report shows missing sections.,results
My score report shows missing sections.,results
I believe there is an error in the marking of my exam.,results
The results portal shows an invalid candidate message.,results
My score report shows missing sections.,results
My score report shows missing sections.,results
The PDF download for my result is corrupted.,results
When will my detailed exam results be released?,results
When will my detailed exam results be released?,results
I believe there is an error in the marking of my exam.,results
I believe there is an error in the marking of my exam.,results
The results portal shows an invalid candidate message.,results
When will my detailed exam results be released?,results
The results portal shows an invalid candidate message.,results
My score report shows missing sections.,results
The PDF download for my result is corrupted.,results
When will my detailed exam results be released?,results
The PDF download for my result is corrupted.,results
The results portal shows an invalid candidate message.,results
I believe there is an error in the marking of my exam.,results
When will my detailed exam results be released?,results
The results portal shows an invalid candidate message.,results
I believe there is an error in the marking of my exam.,results
My score report shows missing sections.,results
My score report shows missing sections.,results
The PDF download for my result is corrupted.,results
When will my detailed exam results be released?,results
My score report shows missing sections.,results
I believe there is an error in the marking of my exam.,results
I believe there is an error in the marking of my exam.,results
The results portal shows an invalid candidate message.,results
When will my detailed exam results be released?,results
I believe there is an error in the marking of my exam.,results
When will my detailed exam results be released?,results
I believe there is an error in the marking of my exam.,results
The results portal shows an invalid candidate message.,results
The PDF download for my result is corrupted.,results
I believe there is an error in the marking of my exam.,results
When will my detailed exam results be released?,results
My score report shows missing sections.,results
The results portal shows an invalid candidate message.,results
The results portal shows an invalid candidate message.,results
The results portal shows an invalid candidate message.,results
The PDF download for my result is corrupted.,results
When will my detailed exam results be released?,results
When will my detailed exam results be released?,results
The PDF download for my result is corrupted.,results
When will my detailed exam results be released?,results
My score report shows missing sections.,results
When will my detailed exam results be released?,results
I believe there is an error in the marking of my exam.,results
When will my detailed exam results be released?,results
My score report shows missing sections.,results
My score report shows missing sections.,results
When will my detailed exam results be released?,results
When will my detailed exam results be released?,results
When will my detailed exam results be released?,results
I believe there is an error in the marking of my exam.,results
When will my detailed exam results be released?,results
The results portal shows an invalid candidate message.,results
The PDF download for my result is corrupted.,results
When will my detailed exam results be released?,results
I believe there is an error in the marking of my exam.,results
My score report shows missing sections.,results
The PDF download for my result is corrupted.,results
The results portal shows an invalid candidate message.,results
The PDF download for my result is corrupted.,results
The results portal shows an invalid candidate message.,results
The results portal shows an invalid candidate message.,results
When will my detailed exam results be released?,results
My score report shows missing sections.,results
When will my detailed exam results be released?,results
When will my detailed exam results be released?,results
The PDF download for my result is corrupted.,results
My score report shows missing sections.,results
I believe there is an error in the marking of my exam.,results
I believe there is an error in the marking of my exam.,results
When will my detailed exam results be released?,results
The results portal shows an invalid candidate message.,results
When will my detailed exam results be released?,results
The PDF download for my result is corrupted.,results
The results portal shows an invalid candidate message.,results
I believe there is an error in the marking of my exam.,results
The PDF download for my result is corrupted.,results
I believe there is an error in the marking of my exam.,results
I believe there is an error in the marking of my exam.,results
My score report shows missing sections.,results
My score report shows missing sections.,results
The PDF download for my result is corrupted.,results
My score report shows missing sections.,results
Please reschedule my exam to next available slot.,postponement/rescheduling
Please reschedule my exam to next available slot.,postponement/rescheduling
Can I defer my exam by a week?,postponement/rescheduling
I need an urgent reschedule due to illness.,postponement/rescheduling
I need to postpone my exam due to travel.,postponement/rescheduling
Can I defer my exam by a week?,postponement/rescheduling
I need an urgent reschedule due to illness.,postponement/rescheduling
Please reschedule my exam to next available slot.,postponement/rescheduling
Please reschedule my exam to next available slot.,postponement/rescheduling
Can I defer my exam by a week?,postponement/rescheduling
Please reschedule my exam to next available slot.,postponement/rescheduling
I selected the wrong date by mistake and need to change it.,postponement/rescheduling
I need to postpone my exam due to travel.,postponement/rescheduling
I selected the wrong date by mistake and need to change it.,postponement/rescheduling
Can I defer my exam by a week?,postponement/rescheduling
Please reschedule my exam to next available slot.,postponement/rescheduling
Can I defer my exam by a week?,postponement/rescheduling
Can I defer my exam by a week?,postponement/rescheduling
Please reschedule my exam to next available slot.,postponement/rescheduling
I selected the wrong date by mistake and need to change it.,postponement/rescheduling
I need an urgent reschedule due to illness.,postponement/rescheduling
Can I defer my exam by a week?,postponement/rescheduling
I need to postpone my exam due to travel.,postponement/rescheduling
I selected the wrong date by mistake and need to change it.,postponement/rescheduling
I need to postpone my exam due to travel.,postponement/rescheduling
I need an urgent reschedule due to illness.,postponement/rescheduling
I need an urgent reschedule due to illness.,postponement/rescheduling
Can I defer my exam by a week?,postponement/rescheduling
I need to postpone my exam due to travel.,postponement/rescheduling
I selected the wrong date by mistake and need to change it.,postponement/rescheduling
Please reschedule my exam to next available slot.,postponement/rescheduling
I need an urgent reschedule due to illness.,postponement/rescheduling
Can I defer my exam by a week?,postponement/rescheduling
I selected the wrong date by mistake and need to change it.,postponement/rescheduling
Please reschedule my exam to next available slot.,postponement/rescheduling
Can I defer my exam by a week?,postponement/rescheduling
I selected the wrong date by mistake and need to change it.,postponement/rescheduling
Please reschedule my exam to next available slot.,postponement/rescheduling
I selected the wrong date by mistake and need to change it.,postponement/rescheduling
I need to postpone my exam due to travel.,postponement/rescheduling
Please reschedule my exam to next available slot.,postponement/rescheduling
I need an urgent reschedule due to illness.,postponement/rescheduling
I need an urgent reschedule due to illness.,postponement/rescheduling
Can I defer my exam by a week?,postponement/rescheduling
I need an urgent reschedule due to illness.,postponement/rescheduling
Can I defer my exam by a week?,postponement/rescheduling
I selected the wrong date by mistake and need to change it.,postponement/rescheduling
Can I defer my exam by a week?,postponement/rescheduling
I need to postpone my exam due to travel.,postponement/rescheduling
I need to postpone my exam due to travel.,postponement/rescheduling
I selected the wrong date by mistake and need to change it.,postponement/rescheduling
I need to postpone my exam due to travel.,postponement/rescheduling
I need an urgent reschedule due to illness.,postponement/rescheduling
Please reschedule my exam to next available slot.,postponement/rescheduling
I selected the wrong date by mistake and need to change it.,postponement/rescheduling
I need an urgent reschedule due to illness.,postponement/rescheduling
I need to postpone my exam due to travel.,postponement/rescheduling
Please reschedule my exam to next available slot.,postponement/rescheduling
I selected the wrong date by mistake and need to change it.,postponement/rescheduling
I need an urgent reschedule due to illness.,postponement/rescheduling
Please reschedule my exam to next available slot.,postponement/rescheduling
I selected the wrong date by mistake and need to change it.,postponement/rescheduling
Can I defer my exam by a week?,postponement/rescheduling
I need an urgent reschedule due to illness.,postponement/rescheduling
Please reschedule my exam to next available slot.,postponement/rescheduling
Please reschedule my exam to next available slot.,postponement/rescheduling
I need to postpone my exam due to travel.,postponement/rescheduling
I need to postpone my exam due to travel.,postponement/rescheduling
I need an urgent reschedule due to illness.,postponement/rescheduling
I selected the wrong date by mistake and need to change it.,postponement/rescheduling
I need to postpone my exam due to travel.,postponement/rescheduling
I selected the wrong date by mistake and need to change it.,postponement/rescheduling
I need to postpone my exam due to travel.,postponement/rescheduling
Can I defer my exam by a week?,postponement/rescheduling
I need to postpone my exam due to travel.,postponement/rescheduling
I need to postpone my exam due to travel.,postponement/rescheduling
Can I defer my exam by a week?,postponement/rescheduling
I need to postpone my exam due to travel.,postponement/rescheduling
Can I defer my exam by a week?,postponement/rescheduling
Please reschedule my exam to next available slot.,postponement/rescheduling
Can I defer my exam by a week?,postponement/rescheduling
Please reschedule my exam to next available slot.,postponement/rescheduling
I need an urgent reschedule due to illness.,postponement/rescheduling
I selected the wrong date by mistake and need to change it.,postponement/rescheduling
I need to postpone my exam due to travel.,postponement/rescheduling
Can I defer my exam by a week?,postponement/rescheduling
Can I defer my exam by a week?,postponement/rescheduling
I need to postpone my exam due to travel.,postponement/rescheduling
I need an urgent reschedule due to illness.,postponement/rescheduling
Please reschedule my exam to next available slot.,postponement/rescheduling
Can I defer my exam by a week?,postponement/rescheduling
Please reschedule my exam to next available slot.,postponement/rescheduling
I need an urgent reschedule due to illness.,postponement/rescheduling
Can I defer my exam by a week?,postponement/rescheduling
I need an urgent reschedule due to illness.,postponement/rescheduling
I selected the wrong date by mistake and need to change it.,postponement/rescheduling
I need to postpone my exam due to travel.,postponement/rescheduling
Please reschedule my exam to next available slot.,postponement/rescheduling
I need an urgent reschedule due to illness.,postponement/rescheduling
Can I defer my exam by a week?,postponement/rescheduling
Please reschedule my exam to next available slot.,postponement/rescheduling
Can I defer my exam by a week?,postponement/rescheduling
Please reschedule my exam to next available slot.,postponement/rescheduling
I need to postpone my exam due to travel.,postponement/rescheduling
Can I defer my exam by a week?,postponement/rescheduling
I need an urgent reschedule due to illness.,postponement/rescheduling
I need an urgent reschedule due to illness.,postponement/rescheduling
Can I defer my exam by a week?,postponement/rescheduling
I selected the wrong date by mistake and need to change it.,postponement/rescheduling
Please reschedule my exam to next available slot.,postponement/rescheduling
Can I defer my exam by a week?,postponement/rescheduling
Can I defer my exam by a week?,postponement/rescheduling
Can I defer my exam by a week?,postponement/rescheduling
Please reschedule my exam to next available slot.,postponement/rescheduling
I selected the wrong date by mistake and need to change it.,postponement/rescheduling
I need an urgent reschedule due to illness.,postponement/rescheduling
I need an urgent reschedule due to illness.,postponement/rescheduling
I need to postpone my exam due to travel.,postponement/rescheduling
I need to postpone my exam due to travel.,postponement/rescheduling
I need an urgent reschedule due to illness.,postponement/rescheduling
I want to file a complaint about rude staff.,complaints
The test center did not follow proper procedures.,complaints
I want to file a complaint about rude staff.,complaints
My technical issue was not addressed properly.,complaints
My technical issue was not addressed properly.,complaints
I want to file a complaint about rude staff.,complaints
The proctor ended my exam unfairly.,complaints
There was too much noise at the exam location.,complaints
I want to file a complaint about rude staff.,complaints
My technical issue was not addressed properly.,complaints
The proctor ended my exam unfairly.,complaints
There was too much noise at the exam location.,complaints
There was too much noise at the exam location.,complaints
The test center did not follow proper procedures.,complaints
I want to file a complaint about rude staff.,complaints
The test center did not follow proper procedures.,complaints
The test center did not follow proper procedures.,complaints
The test center did not follow proper procedures.,complaints
There was too much noise at the exam location.,complaints
I want to file a complaint about rude staff.,complaints
The test center did not follow proper procedures.,complaints
The proctor ended my exam unfairly.,complaints
The test center did not follow proper procedures.,complaints
There was too much noise at the exam location.,complaints
The proctor ended my exam unfairly.,complaints
There was too much noise at the exam location.,complaints
I want to file a complaint about rude staff.,complaints
My technical issue was not addressed properly.,complaints
The test center did not follow proper procedures.,complaints
There was too much noise at the exam location.,complaints
The proctor ended my exam unfairly.,complaints
My technical issue was not addressed properly.,complaints
There was too much noise at the exam location.,complaints
The test center did not follow proper procedures.,complaints
The proctor ended my exam unfairly.,complaints
My technical issue was not addressed properly.,complaints
The proctor ended my exam unfairly.,complaints
The test center did not follow proper procedures.,complaints
There was too much noise at the exam location.,complaints
The proctor ended my exam unfairly.,complaints
My technical issue was not addressed properly.,complaints
The test center did not follow proper procedures.,complaints
There was too much noise at the exam location.,complaints
The test center did not follow proper procedures.,complaints
My technical issue was not addressed properly.,complaints
The test center did not follow proper procedures.,complaints
The proctor ended my exam unfairly.,complaints
My technical issue was not addressed properly.,complaints
The proctor ended my exam unfairly.,complaints
The proctor ended my exam unfairly.,complaints
I want to file a complaint about rude staff.,complaints
I want to file a complaint about rude staff.,complaints
My technical issue was not addressed properly.,complaints
The proctor ended my exam unfairly.,complaints
The proctor ended my exam unfairly.,complaints
There was too much noise at the exam location.,complaints
The proctor ended my exam unfairly.,complaints
The test center did not follow proper procedures.,complaints
The test center did not follow proper procedures.,complaints
The proctor ended my exam unfairly.,complaints
The proctor ended my exam unfairly.,complaints
There was too much noise at the exam location.,complaints
My technical issue was not addressed properly.,complaints
I want to file a complaint about rude staff.,complaints
My technical issue was not addressed properly.,complaints
The test center did not follow proper procedures.,complaints
The test center did not follow proper procedures.,complaints
My technical issue was not addressed properly.,complaints
The test center did not follow proper procedures.,complaints
I want to file a complaint about rude staff.,complaints
The test center did not follow proper procedures.,complaints
I want to file a complaint about rude staff.,complaints
There was too much noise at the exam location.,complaints
The proctor ended my exam unfairly.,complaints
I want to file a complaint about rude staff.,complaints
I want to file a complaint about rude staff.,complaints
The proctor ended my exam unfairly.,complaints
My technical issue was not addressed properly.,complaints
The test center did not follow proper procedures.,complaints
There was too much noise at the exam location.,complaints
My technical issue was not addressed properly.,complaints
I want to file a complaint about rude staff.,complaints
The proctor ended my exam unfairly.,complaints
The test center did not follow proper procedures.,complaints
My technical issue was not addressed properly.,complaints
The proctor ended my exam unfairly.,complaints
The test center did not follow proper procedures.,complaints
I want to file a complaint about rude staff.,complaints
My technical issue was not addressed properly.,complaints
The test center did not follow proper procedures.,complaints
There was too much noise at the exam location.,complaints
The test center did not follow proper procedures.,complaints
There was too much noise at the exam location.,complaints
I want to file a complaint about rude staff.,complaints
There was too much noise at the exam location.,complaints
The test center did not follow proper procedures.,complaints
The proctor ended my exam unfairly.,complaints
My technical issue was not addressed properly.,complaints
The test center did not follow proper procedures.,complaints
I want to file a complaint about rude staff.,complaints
I need to change my test center to a closer location.,test center request
I require a test center with wheelchair access.,test center request
I require a test center with wheelchair access.,test center request
The assigned exam hall is too far away.,test center request
I need to change my test center to a closer location.,test center request
Please move my exam to a center with morning slots.,test center request
I need to change my test center to a closer location.,test center request
Can I switch to a different exam city?,test center request
Please move my exam to a center with morning slots.,test center request
Can I switch to a different exam city?,test center request
I require a test center with wheelchair access.,test center request
Please move my exam to a center with morning slots.,test center request
Can I switch to a different exam city?,test center request
Please move my exam to a center with morning slots.,test center request
The assigned exam hall is too far away.,test center request
Can I switch to a different exam city?,test center request
Please move my exam to a center with morning slots.,test center request
I need to change my test center to a closer location.,test center request
I require a test center with wheelchair access.,test center request
I need to change my test center to a closer location.,test center request
Please move my exam to a center with morning slots.,test center request
I require a test center with wheelchair access.,test center request
The assigned exam hall is too far away.,test center request
Please move my exam to a center with morning slots.,test center request
Can I switch to a different exam city?,test center request
Can I switch to a different exam city?,test center request
The assigned exam hall is too far away.,test center request
I need to change my test center to a closer location.,test center request
I need to change my test center to a closer location.,test center request
The assigned exam hall is too far away.,test center request
Can I switch to a different exam city?,test center request
Can I switch to a different exam city?,test center request
Can I switch to a different exam city?,test center request
I need to change my test center to a closer location.,test center request
Can I switch to a different exam city?,test center request
The assigned exam hall is too far away.,test center request
Can I switch to a different exam city?,test center request
I require a test center with wheelchair access.,test center request
I need to change my test center to a closer location.,test center request
The assigned exam hall is too far away.,test center request
The assigned exam hall is too far away.,test center request
The assigned exam hall is too far away.,test center request
Please move my exam to a center with morning slots.,test center request
I need to change my test center to a closer location.,test center request
The assigned exam hall is too far away.,test center request
I require a test center with wheelchair access.,test center request
The assigned exam hall is too far away.,test center request
The assigned exam hall is too far away.,test center request
Can I switch to a different exam city?,test center request
I require a test center with wheelchair access.,test center request
I require a test center with wheelchair access.,test center request
I need to change my test center to a closer location.,test center request
I need to change my test center to a closer location.,test center request
The assigned exam hall is too far away.,test center request
I require a test center with wheelchair access.,test center request
I need to change my test center to a closer location.,test center request
Please move my exam to a center with morning slots.,test center request
The assigned exam hall is too far away.,test center request
Can I switch to a different exam city?,test center request
Please move my exam to a center with morning slots.,test center request
The assigned exam hall is too far away.,test center request
I need to change my test center to a closer location.,test center request
Can I switch to a different exam city?,test center request
Please move my exam to a center with morning slots.,test center request
Can I switch to a different exam city?,test center request
I require a test center with wheelchair access.,test center request
I need to change my test center to a closer location.,test center request
I require a test center with wheelchair access.,test center request
The assigned exam hall is too far away.,test center request
Can I switch to a different exam city?,test center request
The assigned exam hall is too far away.,test center request
Can I switch to a different exam city?,test center request
I require a test center with wheelchair access.,test center request
Please move my exam to a center with morning slots.,test center request
I need to change my test center to a closer location.,test center request
I require a test center with wheelchair access.,test center request
Can I switch to a different exam city?,test center request
I need to change my test center to a closer location.,test center request
The assigned exam hall is too far away.,test center request
Please move my exam to a center with morning slots.,test center request
Please move my exam to a center with morning slots.,test center request
The assigned exam hall is too far away.,test center request
I need to change my test center to a closer location.,test center request
Please move my exam to a center with morning slots.,test center request
I need to change my test center to a closer location.,test center request
I need to change my test center to a closer location.,test center request
The assigned exam hall is too far away.,test center request
I require a test center with wheelchair access.,test center request
Can I switch to a different exam city?,test center request
I need to change my test center to a closer location.,test center request
I need to change my test center to a closer location.,test center request
I need to change my test center to a closer location.,test center request
Can I switch to a different exam city?,test center request
I require a test center with wheelchair access.,test center request
Can I switch to a different exam city?,test center request
I require a test center with wheelchair access.,test center request
The assigned exam hall is too far away.,test center request
Please move my exam to a center with morning slots.,test center request
Please move my exam to a center with morning slots.,test center request
The assigned exam hall is too far away.,test center request
The CRM mobile app crashes on launch.,crm
I cannot log into the CRM dashboard.,crm
The CRM lead import tool keeps failing.,crm
CRM isn't syncing candidate records.,crm
The CRM lead import tool keeps failing.,crm
The CRM mobile app crashes on launch.,crm
CRM isn't syncing candidate records.,crm
CRM reporting tools are showing incomplete data.,crm
CRM reporting tools are showing incomplete data.,crm
I cannot log into the CRM dashboard.,crm
CRM reporting tools are showing incomplete data.,crm
CRM isn't syncing candidate records.,crm
CRM isn't syncing candidate records.,crm
I cannot log into the CRM dashboard.,crm
CRM reporting tools are showing incomplete data.,crm
CRM isn't syncing candidate records.,crm
CRM reporting tools are showing incomplete data.,crm
The CRM lead import tool keeps failing.,crm
The CRM mobile app crashes on launch.,crm
The CRM mobile app crashes on launch.,crm
The CRM lead import tool keeps failing.,crm
CRM reporting tools are showing incomplete data.,crm
The CRM mobile app crashes on launch.,crm
The CRM lead import tool keeps failing.,crm
CRM reporting tools are showing incomplete data.,crm
I cannot log into the CRM dashboard.,crm
CRM reporting tools are showing incomplete data.,crm
The CRM mobile app crashes on launch.,crm
CRM isn't syncing candidate records.,crm
The CRM lead import tool keeps failing.,crm
The CRM mobile app crashes on launch.,crm
CRM reporting tools are showing incomplete data.,crm
CRM reporting tools are showing incomplete data.,crm
CRM isn't syncing candidate records.,crm
CRM reporting tools are showing incomplete data.,crm
The CRM lead import tool keeps failing.,crm
CRM isn't syncing candidate records.,crm
The CRM lead import tool keeps failing.,crm
The CRM mobile app crashes on launch.,crm
CRM reporting tools are showing incomplete data.,crm
CRM reporting tools are showing incomplete data.,crm
I cannot log into the CRM dashboard.,crm
The CRM lead import tool keeps failing.,crm
I cannot log into the CRM dashboard.,crm
I cannot log into the CRM dashboard.,crm
CRM reporting tools are showing incomplete data.,crm
CRM reporting tools are showing incomplete data.,crm
I cannot log into the CRM dashboard.,crm
CRM reporting tools are showing incomplete data.,crm
The CRM lead import tool keeps failing.,crm
I cannot log into the CRM dashboard.,crm
I cannot log into the CRM dashboard.,crm
The CRM lead import tool keeps failing.,crm
CRM reporting tools are showing incomplete data.,crm
CRM isn't syncing candidate records.,crm
The CRM mobile app crashes on launch.,crm
The CRM mobile app crashes on launch.,crm
CRM isn't syncing candidate records.,crm
CRM isn't syncing candidate records.,crm
The CRM mobile app crashes on launch.,crm
CRM reporting tools are showing incomplete data.,crm
The CRM lead import tool keeps failing.,crm
CRM reporting tools are showing incomplete data.,crm
The CRM mobile app crashes on launch.,crm
The CRM mobile app crashes on launch.,crm
I cannot log into the CRM dashboard.,crm
CRM reporting tools are showing incomplete data.,crm
The CRM lead import tool keeps failing.,crm
CRM reporting tools are showing incomplete data.,crm
I cannot log into the CRM dashboard.,crm
CRM isn't syncing candidate records.,crm
The CRM lead import tool keeps failing.,crm
I cannot log into the CRM dashboard.,crm
CRM isn't syncing candidate records.,crm
The CRM mobile app crashes on launch.,crm
The CRM lead import tool keeps failing.,crm
I cannot log into the CRM dashboard.,crm
I cannot log into the CRM dashboard.,crm
I cannot log into the CRM dashboard.,crm
The CRM lead import tool keeps failing.,crm
Unrelated promotional email received.,spam
Unrelated promotional email received.,spam
Suspicious investment message sent to my inbox.,spam
Irrelevant marketing content.,spam
Unknown sender requesting personal details.,spam
You won a reward! Click here to claim.,spam
You won a reward! Click here to claim.,spam
Irrelevant marketing content.,spam
Irrelevant marketing content.,spam
You won a reward! Click here to claim.,spam
Unknown sender requesting personal details.,spam
Irrelevant marketing content.,spam
Unrelated promotional email received.,spam
Irrelevant marketing content.,spam
Unrelated promotional email received.,spam
Unknown sender requesting personal details.,spam
Suspicious investment message sent to my inbox.,spam
Unrelated promotional email received.,spam
Unknown sender requesting personal details.,spam
Unrelated promotional email received.,spam
Irrelevant marketing content.,spam
Unrelated promotional email received.,spam
Unrelated promotional email received.,spam
Unknown sender requesting personal details.,spam
Suspicious investment message sent to my inbox.,spam
Unrelated promotional email received.,spam
Unknown sender requesting personal details.,spam
Unknown sender requesting personal details.,spam
Irrelevant marketing content.,spam
Irrelevant marketing content.,spam
Suspicious investment message sent to my inbox.,spam
Unknown sender requesting personal details.,spam
Unrelated promotional email received.,spam
Unknown sender requesting personal details.,spam
Unknown sender requesting personal details.,spam
Unknown sender requesting personal details.,spam
Unrelated promotional email received.,spam
Irrelevant marketing content.,spam
Unrelated promotional email received.,spam
Unrelated promotional email received.,spam
Unrelated promotional email received.,spam
You won a reward! Click here to claim.,spam
Unrelated promotional email received.,spam
Unrelated promotional email received.,spam
Unrelated promotional email received.,spam
Suspicious investment message sent to my inbox.,spam
Suspicious investment message sent to my inbox.,spam
Unknown sender requesting personal details.,spam
You won a reward! Click here to claim.,spam
You won a reward! Click here to claim.,spam
You won a reward! Click here to claim.,spam
Unrelated promotional email received.,spam
Irrelevant marketing content.,spam
Irrelevant marketing content.,spam
Irrelevant marketing content.,spam
Unrelated promotional email received.,spam
You won a reward! Click here to claim.,spam
Suspicious investment message sent to my inbox.,spam
Unrelated promotional email received.,spam
Unrelated promotional email received.,spam
You won a reward! Click here to claim.,spam
Irrelevant marketing content.,spam
Suspicious investment message sent to my inbox.,spam
Suspicious investment message sent to my inbox.,spam
You won a reward! Click here to claim.,spam
Suspicious investment message sent to my inbox.,spam
Irrelevant marketing content.,spam
Unrelated promotional email received.,spam
Irrelevant marketing content.,spam
You won a reward! Click here to claim.,spam
Where can I find training materials?,others
What are your customer support hours?,others
I need general information about your programs.,others
Where can I find training materials?,others
How do I verify my certification?,others
General inquiry about registration process.,others
I need general information about your programs.,others
What are your customer support hours?,others
Where can I find training materials?,others
I need general information about your programs.,others
How do I verify my certification?,others
What are your customer support hours?,others
How do I verify my certification?,others
Where can I find training materials?,others
I need general information about your programs.,others
I need general information about your programs.,others
What are your customer support hours?,others
What are your customer support hours?,others
Where can I find training materials?,others
How do I verify my certification?,others
How do I verify my certification?,others
Where can I find training materials?,others
General inquiry about registration process.,others
I need general information about your programs.,others
What are your customer support hours?,others
What are your customer support hours?,others
Where can I find training materials?,others
What are your customer support hours?,others
General inquiry about registration process.,others
I need general information about your programs.,others
Where can I find training materials?,others
I need general information about your programs.,others
I need general information about your programs.,others
How do I verify my certification?,others
How do I verify my certification?,others
General inquiry about registration process.,others
How do I verify my certification?,others
I need general information about your programs.,others
Where can I find training materials?,others
General inquiry about registration process.,others
Where can I find training materials?,others
What are your customer support hours?,others
How do I verify my certification?,others
What are your customer support hours?,others
Where can I find training materials?,others
General inquiry about registration process.,others
What are your customer support hours?,others
I need general information about your programs.,others
What are your customer support hours?,others
What are your customer support hours?,others
I need general information about your programs.,others
I need general information about your programs.,others
General inquiry about registration process.,others
General inquiry about registration process.,others
What are your customer support hours?,others
I need general information about your programs.,others
Where can I find training materials?,others
What are your customer support hours?,others
General inquiry about registration process.,others
Where can I find training materials?,others
How do I verify my certification?,others
General inquiry about registration process.,others
General inquiry about registration process.,others
Where can I find training materials?,others
Where can I find training materials?,others
How do I verify my certification?,others
What are your customer support hours?,others
How do I verify my certification?,others
I need general information about your programs.,others
How do I verify my certification?,others
I need general information about your programs.,others
Where can I find training materials?,others
General inquiry about registration process.,others
I need general information about your programs.,others
General inquiry about registration process.,others
How do I verify my certification?,others
How do I verify my certification?,others
Where can I find training materials?,others
I need general information about your programs.,others
General inquiry about registration process.,others
Where can I find training materials?,others
Where can I find training materials?,others
What are your customer support hours?,others
How do I verify my certification?,others
How do I verify my certification?,others
Where can I find training materials?,others
General inquiry about registration process.,others
General inquiry about registration process.,others
General inquiry about registration process.,others
Where can I find training materials?,others
What are your customer support hours?,others
What are your customer support hours?,others
General inquiry about registration process.,others
I need general information about your programs.,others
Where can I find training materials?,others
I need general information about your programs.,others
Where can I find training materials?,others
What are your customer support hours?,others
General inquiry about registration process.,others
I need general information about your programs.,others
